n,nodes,promising,solutions,time
24,164,65,24.0,0.076755
144,1030,326,120.0,0.275384
864,7422,1957,720.0,0.687587
5904,60620,13700,5040.0,3.514972
46224,554248,109601,40320.0,18.969171
409104,5611770,986410,362880.0,82.748227
