n,nodes,promising,solutions,time
5,164,65,24,0.07466
6,1030,326,120,0.271054
7,7422,1957,720,0.644076
8,60620,13700,5040,3.702217
9,554248,109601,40320,19.762498
10,5611770,986410,362880,90.993408
11,62353010,9864101,3628800,2180.228353
